iso_code,continent,location,population,population_density,median_age,aged_65_older,aged_70_older,gdp_per_capita,extreme_poverty,cardiovasc_death_rate,diabetes_prevalence,handwashing_facilities,hospital_beds_per_thousand,life_expectancy,human_development_index
AFG,Asia,Afghanistan,40099462,54.422,18.6,2.581,1.337,1803.987,,597.029,9.59,37.746,0.5,64.83,0.511
OWID_AFR,,Africa,1392394303,,,,,,,,,,,,
ALB,Europe,Albania,2854710,104.871,38,13.188,8.643,11803.431,1.1,304.195,10.08,,2.89,78.57,0.795
DZA,Africa,Algeria,44177969,17.348,29.1,6.211,3.857,13913.839,0.5,278.364,6.73,83.741,1.9,76.88,0.748
AND,Europe,Andorra,79034,163.755,,,,,,109.135,7.97,,,83.73,0.868
AGO,Africa,Angola,34503774,23.89,16.8,2.405,1.362,5819.495,,276.045,3.94,26.664,,61.15,0.581
AIA,North America,Anguilla,15753,,,,,,,,,,,81.88,
ATG,North America,Antigua and Barbuda,93220,231.845,32.1,6.933,4.631,21490.943,,191.511,13.17,,3.8,77.02,0.778
ARG,South America,Argentina,45276780,16.177,31.9,11.198,7.441,18933.907,0.6,191.032,5.5,,5,76.67,0.845
ARM,Asia,Armenia,2790974,102.931,35.7,11.232,7.571,8787.58,1.8,341.01,7.11,94.043,4.2,75.09,0.776
ABW,North America,Aruba,106536,584.8,41.2,13.085,7.452,35973.781,,,11.62,,,76.29,
OWID_ASI,,Asia,4693235454,,,,,,,,,,,,
AUS,Oceania,Australia,25921089,3.202,37.9,15.504,10.129,44648.71,0.5,107.791,5.07,,3.84,83.44,0.944
AUT,Europe,Austria,8922082,106.749,44.4,19.202,13.748,45436.686,0.7,145.183,6.35,,7.37,81.54,0.922
AZE,Asia,Azerbaijan,10312992,119.309,32.4,6.018,3.871,15847.419,,559.812,7.11,83.241,4.7,73,0.756
BHS,North America,Bahamas,407906,39.497,34.3,8.996,5.2,27717.847,,235.954,13.17,,2.9,73.92,0.814
BHR,Asia,Bahrain,1463265,1935.907,32.4,2.372,1.387,43290.705,,151.689,16.52,,2,77.29,0.852
BGD,Asia,Bangladesh,169356251,1265.036,27.5,5.098,3.262,3523.984,14.8,298.003,8.38,34.808,0.8,72.59,0.632
BRB,North America,Barbados,281200,664.463,39.8,14.952,9.473,16978.068,,170.05,13.57,88.469,5.8,79.19,0.814
BLR,Europe,Belarus,9578168,46.858,40.3,14.799,9.788,17167.967,,443.129,5.18,,11,74.79,0.823
BEL,Europe,Belgium,11611420,375.564,41.8,18.571,12.849,42658.576,0.2,114.898,4.29,,5.64,81.63,0.931
BLZ,North America,Belize,400031,16.426,25,3.853,2.279,7824.362,,176.957,17.11,90.083,1.3,74.62,0.716
BEN,Africa,Benin,12996895,99.11,18.8,3.244,1.942,2064.236,49.6,235.848,0.99,11.035,0.5,61.77,0.545
BMU,North America,Bermuda,64185,1308.82,,,,50669.315,,139.547,13,,,82.59,
BTN,Asia,Bhutan,777486,21.188,28.6,4.885,2.977,8708.597,1.5,217.066,9.75,79.807,1.7,71.78,0.654
BOL,South America,Bolivia,12079472,10.202,25.4,6.704,4.393,6885.829,7.1,204.299,6.89,25.383,1.1,71.51,0.718
BES,North America,Bonaire Sint Eustatius and Saba,26706,,,,,,,,,,,77.79,
BIH,Europe,Bosnia and Herzegovina,3270943,68.496,42.5,16.569,10.711,11713.895,0.2,329.635,10.08,97.164,3.5,77.4,0.78
BWA,Africa,Botswana,2588423,4.044,25.8,3.941,2.242,15807.374,,237.372,4.81,,1.8,69.59,0.735
BRA,South America,Brazil,214326223,25.04,33.5,8.552,5.06,14103.452,3.4,177.961,8.11,,2.2,75.88,0.765
VGB,North America,British Virgin Islands,31122,207.973,,,,,,,13.67,,,79.07,
BRN,Asia,Brunei,445373,81.347,32.4,4.591,2.382,71809.251,,201.285,12.79,,2.7,75.86,0.838
BGR,Europe,Bulgaria,6885868,65.18,44.7,20.801,13.272,18563.307,1.5,424.688,5.81,,7.454,75.05,0.816
BFA,Africa,Burkina Faso,22100683,70.151,17.6,2.409,1.358,1703.102,43.7,269.048,2.42,11.877,0.4,61.58,0.452
BDI,Africa,Burundi,12551213,423.062,17.5,2.562,1.504,702.225,71.7,293.068,6.05,6.144,0.8,61.58,0.433
KHM,Asia,Cambodia,16589023,90.672,25.6,4.412,2.385,3645.07,,270.892,4,66.229,0.8,69.82,0.594
CMR,Africa,Cameroon,27198628,50.885,18.8,3.165,1.919,3364.926,23.8,244.661,7.2,2.735,1.3,59.29,0.563
CAN,North America,Canada,38155012,4.037,41.4,16.984,10.797,44017.591,0.5,105.599,7.37,,2.5,82.43,0.929
CPV,Africa,Cape Verde,587925,135.58,25.7,4.46,3.437,6222.554,,182.219,2.42,,2.1,72.98,0.665
CYM,North America,Cayman Islands,68136,256.496,,,,49903.029,,,13.22,,,83.92,
CAF,Africa,Central African Republic,5457154,7.479,18.3,3.655,2.251,661.24,,435.727,6.1,16.603,1,53.28,0.397
TCD,Africa,Chad,17179740,11.833,16.7,2.486,1.446,1768.153,38.4,280.995,6.1,5.818,,54.24,0.398
CHL,South America,Chile,19493184,24.282,35.4,11.087,6.938,22767.037,1.3,127.993,8.46,,2.11,80.18,0.851
CHN,Asia,China,1425893464,147.674,38.7,10.641,5.929,15308.712,0.7,261.899,9.74,,4.34,76.91,0.761
COL,South America,Colombia,51516562,44.223,32.2,7.646,4.312,13254.949,4.5,124.24,7.44,65.386,1.71,77.29,0.767
COM,Africa,Comoros,821626,437.352,20.4,2.963,1.726,1413.89,18.1,261.516,11.88,15.574,2.2,64.32,0.554
COG,Africa,Congo,5835806,15.405,19,3.402,2.063,4881.406,37,344.094,7.2,47.964,,64.57,0.574
COK,Oceania,Cook Islands,17003,,,,,,,,,,,76.25,
CRI,North America,Costa Rica,5153957,96.079,33.6,9.468,5.694,15524.995,1.3,137.973,8.78,83.841,1.13,80.28,0.81
CIV,Africa,Cote d'Ivoire,27478249,76.399,18.7,2.933,1.582,3601.006,28.2,303.74,2.42,19.351,,57.78,0.538
HRV,Europe,Croatia,4060135,73.726,44,19.724,13.053,22669.797,0.7,253.782,5.59,,5.54,78.49,0.851
CUB,North America,Cuba,11256372,110.408,43.1,14.738,9.719,,,190.968,8.27,85.198,5.2,78.8,0.783
CUW,North America,Curacao,190338,362.644,41.7,16.367,10.068,,,,11.62,,,78.88,
CYP,Europe,Cyprus,896007,127.657,37.3,13.416,8.563,32415.132,,141.171,9.24,,3.4,80.98,0.887
CZE,Europe,Czechia,10510750,137.176,43.3,19.027,11.58,32605.906,,227.485,6.82,,6.63,79.38,0.9
COD,Africa,Democratic Republic of Congo,95894118,35.879,17,3.02,1.745,808.133,77.1,318.949,6.1,4.472,,60.68,0.48
DNK,Europe,Denmark,5854240,136.52,42.3,19.677,12.325,46682.515,0.2,114.767,6.41,,2.5,80.9,0.94
DJI,Africa,Djibouti,1105557,41.285,25.4,4.213,2.38,2705.406,22.5,258.037,6.05,,1.4,67.11,0.524
DMA,North America,Dominica,72412,98.567,,,,9673.367,,227.376,11.62,,3.8,75,0.742
DOM,North America,Dominican Republic,11117874,222.873,27.6,6.981,4.419,14600.861,1.6,266.653,8.2,55.182,1.6,74.08,0.756
ECU,South America,Ecuador,17797737,66.939,28.1,7.104,4.458,10581.936,3.6,140.448,5.55,80.635,1.5,77.01,0.759
EGY,Africa,Egypt,109262178,97.999,25.3,5.159,2.891,10550.206,1.3,525.432,17.31,89.827,1.6,71.99,0.707
SLV,North America,El Salvador,6314167,307.811,27.6,8.273,5.417,7292.458,2.2,167.295,8.87,90.65,1.3,73.32,0.673
GNQ,Africa,Equatorial Guinea,1634466,45.194,22.4,2.846,1.752,22604.873,,202.812,7.78,24.64,2.1,58.74,0.592
ERI,Africa,Eritrea,3620312,44.304,19.3,3.607,2.171,1510.459,,311.11,6.05,,0.7,66.32,0.459
EST,Europe,Estonia,1328701,31.033,42.7,19.452,13.491,29481.252,0.5,255.569,4.02,,4.69,78.74,0.892
SWZ,Africa,Eswatini,1192271,79.492,21.5,3.163,1.845,7738.975,,333.436,3.94,24.097,2.1,60.19,0.611
ETH,Africa,Ethiopia,120283026,104.957,19.8,3.526,2.063,1729.927,26.7,182.634,7.47,7.96,0.3,66.6,0.485
OWID_EUR,,Europe,748655221,,,,,,,,,,,,
OWID_EUN,,European Union,447593544,,,,,,,,,,,,
FRO,Europe,Faeroe Islands,52888,35.308,,,,,,,,,,80.67,
FLK,South America,Falkland Islands,3764,,,,,,,,,,,81.44,
FJI,Oceania,Fiji,924610,49.562,28.6,6.224,3.284,8702.975,1.4,412.82,14.49,,2.3,67.44,0.743
FIN,Europe,Finland,5535992,18.136,42.8,21.228,13.264,40585.721,,153.507,5.76,,3.28,81.91,0.938
FRA,Europe,France,67422000,122.578,42,19.718,13.079,38605.671,,86.06,4.77,,5.98,82.66,0.901
PYF,Oceania,French Polynesia,304032,77.324,32.7,7.775,4.593,,,,22.63,,,77.66,
GAB,Africa,Gabon,2341179,7.859,23.1,4.45,2.976,16562.413,3.4,259.967,7.2,,6.3,66.47,0.703
GMB,Africa,Gambia,2639916,207.566,17.5,2.339,1.417,1561.767,10.1,331.43,1.91,7.876,1.1,62.05,0.496
GEO,Asia,Georgia,3757980,65.032,38.7,14.864,10.244,9745.079,4.2,496.218,7.11,,2.6,73.77,0.812
DEU,Europe,Germany,83408554,237.016,46.6,21.453,15.957,45229.245,,156.139,8.31,,8,81.33,0.947
GHA,Africa,Ghana,32833031,126.719,21.1,3.385,1.948,4227.63,12,298.245,4.97,41.047,0.9,64.07,0.611
GIB,Europe,Gibraltar,32670,3457.1,,,,,,,,,,79.93,
GRC,Europe,Greece,10445365,83.479,45.3,20.396,14.524,24574.382,1.5,175.695,4.55,,4.21,82.24,0.888
GRL,North America,Greenland,56243,0.137,,,,,,199.941,2.16,,,71.7,
GRD,North America,Grenada,124610,317.132,29.4,7.304,5.021,13593.877,,243.964,10.71,,3.7,72.4,0.779
GUM,Oceania,Guam,170534,304.128,31.4,9.551,5.493,,,310.496,21.52,,,80.07,
GTM,North America,Guatemala,17608483,157.834,22.9,4.694,3.016,7423.808,8.7,155.898,10.18,76.665,0.6,74.3,0.663
GGY,Europe,Guernsey,63065,,,,,,,,,,,,
GIN,Africa,Guinea,13531906,51.755,19,3.135,1.733,1998.926,35.3,336.717,2.42,17.45,0.3,61.6,0.477
GNB,Africa,Guinea-Bissau,2060721,66.191,19.4,3.002,1.565,1548.675,67.1,382.474,2.42,6.403,,58.32,0.48
GUY,South America,Guyana,804567,3.952,26.3,5.305,2.837,7435.047,,373.159,11.62,77.159,1.6,69.91,0.682
HTI,North America,Haiti,11447569,398.448,24.3,4.8,2.954,1653.173,23.5,430.548,6.65,22.863,0.7,64,0.51
OWID_HIC,,High income,1241374280,,,,,,,,,,,,
HND,North America,Honduras,10278346,82.805,24.9,4.652,2.883,4541.795,16,240.208,7.21,84.169,0.7,75.27,0.634
HKG,Asia,Hong Kong,7494578,7039.714,44.8,16.303,10.158,56054.92,,,8.33,,,84.86,0.949
HUN,Europe,Hungary,9709786,108.043,43.4,18.577,11.976,26777.561,0.5,278.296,7.55,,7.02,76.88,0.854
ISL,Europe,Iceland,370335,3.404,37.3,14.431,9.207,46482.958,0.2,117.992,5.31,,2.91,82.99,0.949
IND,Asia,India,1407563842,450.419,28.2,5.989,3.414,6426.674,21.2,282.28,10.39,59.55,0.53,69.66,0.645
IDN,Asia,Indonesia,273753191,145.725,29.3,5.319,3.053,11188.744,5.7,342.864,6.32,64.204,1.04,71.72,0.718
OWID_INT,,International,,,,,,,,,,,,,
IRN,Asia,Iran,87923432,49.831,32.4,5.44,3.182,19082.62,0.2,270.308,9.59,,1.5,76.68,0.783
IRQ,Asia,Iraq,43533592,88.125,20,3.186,1.957,15663.986,2.5,218.612,8.83,94.576,1.4,70.6,0.674
IRL,Europe,Ireland,4986526,69.874,38.7,13.928,8.678,67335.293,0.2,126.459,3.28,,2.96,82.3,0.955
IMN,Europe,Isle of Man,84263,147.872,,,,,,,,,,81.4,
ISR,Asia,Israel,9291000,402.606,30.6,11.733,7.359,33132.32,0.5,93.32,6.74,,2.99,82.97,0.919
ITA,Europe,Italy,59240330,205.859,47.9,23.021,16.24,35220.084,2,113.151,4.78,,3.18,83.51,0.892
JAM,North America,Jamaica,2827694,266.879,31.4,9.684,6.39,8193.571,,206.537,11.28,66.425,1.7,74.47,0.734
JPN,Asia,Japan,124612530,347.778,48.2,27.049,18.493,39002.223,,79.37,5.72,,13.05,84.63,0.919
JEY,Europe,Jersey,109618,,,,,,,,,,,,
JOR,Asia,Jordan,11148278,109.285,23.2,3.81,2.361,8337.49,0.1,208.257,11.75,,1.4,74.53,0.729
KAZ,Asia,Kazakhstan,19196465,6.681,30.6,6.991,4.625,24055.588,0.1,466.792,7.11,98.999,6.7,73.6,0.825
KEN,Africa,Kenya,53005614,87.324,20,2.686,1.528,2993.028,36.8,218.637,2.92,24.651,1.4,66.7,0.601
KIR,Oceania,Kiribati,128874,143.701,23.2,3.895,2.21,1981.132,,434.657,22.66,,1.9,68.37,0.63
OWID_KOS,Europe,Kosovo,1782115,168.155,,,,9795.834,0.6,,,,,,
KWT,Asia,Kuwait,4250114,232.128,33.7,2.345,1.114,65530.537,,132.235,15.84,,2,75.49,0.806
KGZ,Asia,Kyrgyzstan,6527743,32.333,26.3,4.489,2.882,3393.474,1.4,436.362,7.11,89.22,4.5,71.45,0.697
LAO,Asia,Laos,7425058,29.715,24.4,4.029,2.322,6397.36,22.7,368.111,4,49.839,1.5,67.92,0.613
LVA,Europe,Latvia,1873919,31.212,43.9,19.754,14.136,25063.846,0.7,350.06,4.91,,5.57,75.29,0.866
LBN,Asia,Lebanon,5592631,594.561,31.1,8.514,5.43,13367.565,,266.591,12.71,,2.9,78.93,0.744
LSO,Africa,Lesotho,2281454,73.562,22.2,4.506,2.647,2851.153,59.6,405.126,3.94,2.117,,54.33,0.527
LBR,Africa,Liberia,5193416,49.127,19.2,3.057,1.756,752.788,38.6,272.509,2.42,1.188,0.8,64.1,0.48
LBY,Africa,Libya,6735277,3.623,29,4.424,2.816,17881.509,,341.862,10.43,,3.7,72.91,0.724
LIE,Europe,Liechtenstein,39039,237.012,,,,,,,7.77,,2.397,82.49,0.919
LTU,Europe,Lithuania,2786651,45.135,43.5,19.002,13.778,29524.265,0.7,342.989,3.67,,6.56,75.93,0.882
OWID_LIC,,Low income,701926970,,,,,,,,,,,,
OWID_LMC,,Lower middle income,3363196660,,,,,,,,,,,,
LUX,Europe,Luxembourg,639321,231.447,39.7,14.312,9.842,94277.965,0.2,128.275,4.42,,4.51,82.25,0.916
MAC,Asia,Macao,686607,20546.766,39.2,9.798,4.991,104861.851,,,,,,84.24,
MDG,Africa,Madagascar,28915653,43.951,19.6,2.929,1.686,1416.44,77.6,405.994,3.94,50.54,0.2,67.04,0.528
MWI,Africa,Malawi,19889742,197.519,18.1,2.979,1.783,1095.042,71.4,227.349,3.94,8.704,1.3,64.26,0.483
MYS,Asia,Malaysia,33573874,96.254,29.9,6.293,3.407,26808.164,0.1,260.942,16.74,,1.9,76.16,0.81
MDV,Asia,Maldives,521458,1454.433,30.6,4.12,2.875,15183.616,,164.905,9.19,95.803,,78.92,0.74
MLI,Africa,Mali,21904983,15.196,16.4,2.519,1.486,2014.306,,268.024,2.42,52.232,0.1,59.31,0.434
MLT,Europe,Malta,526748,1454.037,42.4,19.426,11.324,36513.323,0.2,168.711,8.83,,4.485,82.53,0.895
MHL,Oceania,Marshall Islands,42050,295.15,,,,3819.202,,557.793,30.53,82.502,2.7,73.7,0.704
MRT,Africa,Mauritania,4614974,4.289,20.3,3.138,1.792,3597.633,6,232.347,2.42,15.95,,64.92,0.546
MUS,Africa,Mauritius,1298915,622.962,37.4,10.945,5.884,20292.745,0.5,224.644,22.02,,3.4,74.99,0.804
MEX,North America,Mexico,126705138,66.444,29.3,6.857,4.321,17336.469,2.5,152.783,13.06,87.847,1.38,75.05,0.779
FSM,Oceania,Micronesia (country),113131,150.777,23,4.81,2.392,3299.464,16,454.343,12.02,,,67.88,0.62
MDA,Europe,Moldova,3061506,123.655,37.6,10.864,6.955,5189.972,0.2,408.502,5.72,86.979,5.8,71.9,0.75
MCO,Europe,Monaco,36686,19347.5,,,,,,,5.46,,13.8,86.75,
MNG,Asia,Mongolia,3347782,1.98,28.6,4.031,2.421,11840.846,0.5,460.043,4.82,71.18,7,69.87,0.737
MNE,Europe,Montenegro,627859,46.28,39.1,14.762,9.395,16409.288,1,387.305,10.08,,3.861,76.88,0.829
MSR,North America,Montserrat,4417,,,,,,,,,,,74.16,
MAR,Africa,Morocco,37076584,80.08,29.6,6.769,4.209,7485.013,1,419.146,7.14,,1.1,76.68,0.686
MOZ,Africa,Mozambique,32077072,37.728,17.7,3.158,1.87,1136.103,62.9,329.942,3.3,12.227,0.7,60.85,0.456
MMR,Asia,Myanmar,53798084,81.721,29.1,5.732,3.12,5591.597,6.4,202.104,4.61,79.287,0.9,67.13,0.583
NAM,Africa,Namibia,2530151,3.078,22,3.552,2.085,9541.808,13.4,243.811,3.94,44.6,,63.71,0.646
NRU,Oceania,Nauru,12512,682.45,,,,12895.635,,,24.07,,5,59.96,
NPL,Asia,Nepal,30034989,204.43,25,5.809,3.212,2442.804,15,260.797,7.26,47.782,0.3,70.78,0.602
NLD,Europe,Netherlands,17501696,508.544,43.2,18.779,11.881,48472.545,,109.361,5.29,,3.32,82.28,0.944
NCL,Oceania,New Caledonia,287800,15.342,33.4,9.954,6.489,,,,23.36,,,77.55,
NZL,Oceania,New Zealand,5129728,18.206,37.9,15.322,9.72,36085.843,,128.797,8.08,,2.61,82.29,0.931
NIC,North America,Nicaragua,6850540,51.667,27.3,5.445,3.519,5321.444,3.2,137.016,11.47,,0.9,74.48,0.66
NER,Africa,Niger,25252722,16.955,15.1,2.553,1.378,926,44.5,238.339,2.42,8.978,0.3,62.42,0.394
NGA,Africa,Nigeria,213401323,209.588,18.1,2.751,1.447,5338.454,,181.013,2.42,41.949,,54.69,0.539
NIU,Oceania,Niue,1937,,,,,,,,,,,73.71,
OWID_NAM,,North America,596315269,,,,,,,,,,,,
PRK,Asia,North Korea,25971909,211.701,35.3,9.491,6.139,,,321.681,4,,13.2,72.27,
MKD,Europe,North Macedonia,2103330,82.6,39.1,13.26,8.16,13111.214,5,322.688,10.08,,4.28,75.8,0.774
OWID_CYN,Asia,Northern Cyprus,,,,,,,,,,,,,
MNP,Oceania,Northern Mariana Islands,49481,119.878,,,,,,194.994,,,,76.74,
NOR,Europe,Norway,5403021,14.462,39.7,16.821,10.813,64800.057,0.2,114.316,5.31,,3.6,82.4,0.957
OWID_OCE,,Oceania,44491772,,,,,,,,,,,,
OMN,Asia,Oman,4520471,14.98,30.7,2.355,1.53,37960.709,,266.342,12.61,97.4,1.6,77.86,0.813
PAK,Asia,Pakistan,231402116,255.573,23.5,4.495,2.78,5034.708,4,423.031,8.35,59.607,0.6,67.27,0.557
PLW,Oceania,Palau,18024,47.237,,,,13240.405,,,15.89,,4.8,73.7,0.826
PSE,Asia,Palestine,5133392,778.202,20.4,3.043,1.726,4449.898,1,265.91,10.59,,,74.05,0.708
PAN,North America,Panama,4351267,55.133,29.7,7.918,5.03,22267.037,2.2,128.346,8.33,,2.3,78.51,0.815
PNG,Oceania,Papua New Guinea,9949437,18.22,22.6,3.808,2.142,3823.194,,561.494,17.65,,,64.5,0.555
PRY,South America,Paraguay,6703799,17.144,26.5,6.378,3.833,8827.01,1.7,199.128,8.27,79.602,1.3,74.25,0.728
PER,South America,Peru,33715472,25.129,29.1,7.151,4.455,12236.706,3.5,85.755,5.95,,1.6,76.74,0.777
PHL,Asia,Philippines,113880328,351.873,25.2,4.803,2.661,7599.188,,370.437,7.07,78.463,1,71.23,0.718
PCN,Oceania,Pitcairn,47,,,,,,,,,,,,
POL,Europe,Poland,38307726,124.027,41.8,16.763,10.202,27216.445,,227.331,5.91,,6.62,78.73,0.88
PRT,Europe,Portugal,10290103,112.371,46.2,21.502,14.924,27936.896,0.5,127.842,9.85,,3.39,82.05,0.864
PRI,North America,Puerto Rico,3256028,376.232,38.2,15.168,9.829,35044.67,,108.094,12.9,,,80.1,
QAT,Asia,Qatar,2688235,227.322,31.9,1.307,0.617,116935.6,,176.69,16.52,,1.2,80.23,0.848
ROU,Europe,Romania,19328560,85.129,43,17.85,11.69,23313.199,5.7,370.946,9.74,,6.892,76.05,0.828
RUS,Europe,Russia,145102755,8.823,39.6,14.178,9.393,24765.954,0.1,431.297,6.18,,8.05,72.58,0.824
RWA,Africa,Rwanda,13461888,494.869,20.3,2.974,1.642,1854.211,56,191.375,4.28,4.617,,69.02,0.543
SHN,Africa,Saint Helena,5404,,,,,,,,,,,80.56,
KNA,North America,Saint Kitts and Nevis,47606,212.865,,,,24654.385,,,12.84,,2.3,76.23,0.779
LCA,North America,Saint Lucia,179652,293.187,34.9,9.721,6.405,12951.839,,204.62,11.62,87.202,1.3,76.2,0.759
SPM,North America,Saint Pierre and Miquelon,5883,,,,,,,,,,,81.07,
VCT,North America,Saint Vincent and the Grenadines,104332,281.787,31.8,7.724,4.832,10727.146,,252.675,11.62,,2.6,72.53,0.738
WSM,Oceania,Samoa,218764,69.413,22,5.606,3.564,6021.557,,348.977,9.21,,,73.32,0.715
SMR,Europe,San Marino,33746,556.667,,,,56861.47,,,5.64,,3.8,84.97,
STP,Africa,Sao Tome and Principe,223107,212.841,18.7,2.886,2.162,3052.714,32.3,270.113,2.42,41.34,2.9,70.39,0.625
SAU,Asia,Saudi Arabia,35950396,15.322,31.9,3.295,1.845,49045.411,,259.538,17.72,,2.7,75.13,0.854
SEN,Africa,Senegal,16876720,82.328,18.7,3.008,1.796,2470.58,38,241.219,2.42,20.859,,67.94,0.512
SRB,Europe,Serbia,6871547,80.291,41.2,17.366,,14048.881,,439.415,10.08,97.719,5.609,76,0.806
SYC,Africa,Seychelles,106470,208.354,36.2,8.606,5.586,26382.287,1.1,242.648,10.55,,3.6,73.4,0.796
SLE,Africa,Sierra Leone,8420641,104.7,19.1,2.538,1.285,1390.3,52.2,325.721,2.42,19.275,,54.7,0.452
SGP,Asia,Singapore,5453600,7915.731,42.4,12.922,7.049,85535.383,,92.243,10.99,,2.4,83.62,0.938
SXM,North America,Sint Maarten (Dutch part),44042,1209.088,,,,36327.232,,,,,,78.95,
SVK,Europe,Slovakia,5447622,113.128,41.2,15.07,9.167,30155.152,0.7,287.959,7.29,,5.82,77.54,0.86
SVN,Europe,Slovenia,2119410,102.619,44.5,19.062,12.93,31400.84,,153.493,7.25,,4.5,81.32,0.917
SLB,Oceania,Solomon Islands,707851,21.841,20.8,3.507,2.043,2205.923,25.1,459.78,18.68,35.89,1.4,73,0.567
SOM,Africa,Somalia,17065581,23.5,16.8,2.731,1.496,,,365.769,6.05,9.831,0.9,57.4,
ZAF,Africa,South Africa,59392255,46.754,27.3,5.344,3.053,12294.876,18.9,200.38,5.52,43.993,2.32,64.13,0.709
OWID_SAM,,South America,433956670,,,,,,,,,,,,
KOR,Asia,South Korea,51830139,527.967,43.4,13.914,8.622,35938.374,0.2,85.998,6.8,,12.27,83.03,0.916
SSD,Africa,South Sudan,10748272,,19.2,3.441,2.032,1569.888,,280.775,10.43,,,57.85,0.433
ESP,Europe,Spain,47486935,93.105,45.5,19.436,13.799,34272.36,1,99.403,7.17,,2.97,83.56,0.904
LKA,Asia,Sri Lanka,21773441,341.955,34.1,10.069,5.331,11669.077,0.7,197.093,10.68,,3.6,76.98,0.782
SDN,Africa,Sudan,45657202,23.258,19.7,3.548,2.034,4466.507,,431.388,15.67,23.437,0.8,65.31,0.51
SUR,South America,Suriname,612984,3.612,29.6,6.933,4.229,13767.119,,258.314,12.54,67.779,3.1,71.68,0.738
SWE,Europe,Sweden,10467097,24.718,41,19.985,13.433,46949.283,0.5,133.982,4.79,,2.22,82.8,0.945
CHE,Europe,Switzerland,8691406,214.243,43.1,18.436,12.644,57410.166,,99.739,5.59,,4.53,83.78,0.955
SYR,Asia,Syria,21324367,,21.7,,2.577,,,376.264,,70.598,1.5,72.7,0.567
TWN,Asia,Taiwan,23859912,,42.2,,8.353,,,103.957,,,,80.46,
TJK,Asia,Tajikistan,9750064,64.281,23.3,3.466,2.155,2896.913,4.8,427.698,7.11,72.704,4.8,71.1,0.668
TZA,Africa,Tanzania,63588334,64.699,17.7,3.108,1.874,2683.304,49.1,217.288,5.75,47.953,0.7,65.46,0.529
THA,Asia,Thailand,71601103,135.132,40.1,11.373,6.89,16277.671,0.1,109.861,7.04,90.67,2.1,77.15,0.777
TLS,Asia,Timor,1320942,87.176,18,3.556,1.897,6570.102,30.3,335.346,6.86,28.178,5.9,69.5,0.606
TGO,Africa,Togo,8644829,143.366,19.4,2.839,1.525,1429.813,49.2,280.033,6.15,10.475,0.7,61.04,0.515
TKL,Oceania,Tokelau,1849,,,,,,,,,,,81.86,
TON,Oceania,Tonga,106017,150.028,22.3,5.82,4.032,5425.621,,227.49,15.42,,2.6,70.91,0.725
TTO,North America,Trinidad and Tobago,1525663,266.886,36.2,10.014,5.819,28763.071,,228.467,10.97,89.443,3,73.51,0.796
TUN,Africa,Tunisia,12262946,74.228,32.7,8.001,5.075,10849.297,2,318.991,8.52,78.687,2.3,76.7,0.74
TUR,Asia,Turkey,84775404,104.914,31.6,8.153,5.061,25129.341,0.2,171.285,12.13,,2.81,77.69,0.82
TKM,Asia,Turkmenistan,6341855,12.253,26.9,4.277,2.541,16389.023,,536.783,7.11,100,7.4,68.19,0.715
TCA,North America,Turks and Caicos Islands,45114,37.312,,,,,,,,,,80.22,
TUV,Oceania,Tuvalu,11204,373.067,,,,3575.104,3.3,,27.25,,,67.57,
UGA,Africa,Uganda,45853778,213.759,16.4,2.168,1.308,1697.707,41.6,213.333,2.5,21.222,0.5,63.37,0.544
UKR,Europe,Ukraine,43531422,77.39,41.4,16.462,11.133,7894.393,0.1,539.849,7.11,,8.8,72.06,0.779
ARE,Asia,United Arab Emirates,9365144,112.442,34,1.144,0.526,67293.483,,317.84,17.26,,1.2,77.97,0.89
GBR,Europe,United Kingdom,67281040,272.898,40.8,18.517,12.527,39753.244,0.2,122.137,4.28,,2.54,81.32,0.932
USA,North America,United States,336997624,35.608,38.3,15.413,9.732,54225.446,1.2,151.089,10.79,,2.77,78.86,0.926
VIR,North America,United States Virgin Islands,100091,306.48,42.2,18.601,10.799,,,273.67,12.26,,,80.58,
OWID_UMC,,Upper middle income,2501427940,,,,,,,,,,,,
URY,South America,Uruguay,3426260,19.751,35.6,14.655,10.361,20551.409,0.1,160.708,6.93,,2.8,77.91,0.817
UZB,Asia,Uzbekistan,34081449,76.134,28.2,4.469,2.873,6253.104,,724.417,7.57,,4,71.72,0.72
VUT,Oceania,Vanuatu,319136,22.662,23.1,4.394,2.62,2921.909,13.2,546.3,12.02,25.209,,70.47,0.609
VAT,Europe,Vatican,511,,,,,,,,,,,75.12,
VEN,South America,Venezuela,28199866,36.253,29,6.614,3.915,16745.022,,204.85,6.47,,0.8,72.06,0.711
VNM,Asia,Vietnam,97468028,308.127,32.6,7.15,4.718,6171.884,2,245.465,6,85.847,2.6,75.4,0.704
WLF,Oceania,Wallis and Futuna,11627,,,,,,,,,,,79.94,
ESH,Africa,Western Sahara,565581,,28.4,,1.38,,,,,,,70.26,
OWID_WRL,,World,7909295152,58.045,30.9,8.696,5.355,15469.207,10,233.07,8.51,60.13,2.705,72.58,0.737
YEM,Asia,Yemen,32981641,53.508,20.3,2.922,1.583,1479.147,18.8,495.003,5.35,49.542,0.7,66.12,0.47
ZMB,Africa,Zambia,19473125,22.995,17.7,2.48,1.542,3689.251,57.5,234.499,3.94,13.938,2,63.89,0.584
ZWE,Africa,Zimbabwe,15993524,42.729,19.6,2.822,1.882,1899.775,21.4,307.846,1.82,36.791,1.7,61.49,0.571